PartipantID,Index,Vis,VisID,Error,TruePerc,ReportPerc
7,0,-1,-1,-2.2831936,0.98044246,0.9
7,1,-1,-1,-2.6458404,0.3347801,0.3
7,2,-1,-1,-2.384588,0.23350057,0.3
7,3,-1,-1,-1.9724979,0.7701885,0.9
7,4,-1,-1,-2.811555,0.032558143,0.05
