PartipantID,Index,Vis,VisID,Error,TruePerc,ReportPerc
7,0,-1,-1,-2.5263898,0.9514275,1.0
7,1,-1,-1,-1.9500133,0.86618614,1.0
7,2,-1,-1,-2.0462718,0.8171089,0.7
7,3,-1,-1,-2.41192,0.33709443,0.4
7,4,-1,-1,-2.9078352,0.79175395,0.8
