PartipantID,Index,Chart_Type,Vis,VisID,Error,TruePerc,ReportPerc
7,0,0,-1,-1,-0.2704113,0.74408317,0.04
7,1,1,-1,-1,-0.3300558,0.7005057,0.03
7,2,1,-1,-1,-0.4532628,0.6353891,0.03
7,3,1,-1,-1,-0.98058265,0.411775,0.03
7,4,0,-1,-1,-0.38799083,0.6691931,0.03
