PartipantID,Index,Vis,VisID,Error,TruePerc,ReportPerc
7,0,-1,-1,-1.9571854,0.8474696,0.98
7,1,-1,-1,-2.7755818,0.008961756,0.03
7,2,-1,-1,-1.509051,0.59365773,0.82
7,3,-1,-1,-2.4711602,0.9046539,0.96
7,4,-1,-1,-2.5601244,0.5445609,0.5
