PartipantID,Index,Vis,VisID,Error,TruePerc,ReportPerc
7,0,-1,-1,-1.3876354,0.65719074,0.4
7,1,-1,-1,-2.5014622,0.29840237,0.35
7,2,-1,-1,-2.9325938,0.044021126,0.05
7,3,-1,-1,-2.1636424,0.49819204,0.4
7,4,-1,-1,-1.2848364,0.68541735,0.4
