PartipantID,Index,Vis,VisID,Error,TruePerc,ReportPerc
7,0,-1,-1,-2.4192438,0.26195413,0.2
7,1,-1,-1,-2.289099,0.72039676,0.8
7,2,-1,-1,-2.7982297,0.6812364,0.7
7,3,-1,-1,-2.2793703,0.58098763,0.5
7,4,-1,-1,-2.841339,0.31453133,0.3
