PartipantID,Index,Vis,VisID,Error,TruePerc,ReportPerc
7,0,-1,-1,-2.7147357,0.022670815,0.05
7,1,-1,-1,-2.926357,0.043453645,0.05
7,2,-1,-1,-2.673812,0.08171205,0.05
7,3,-1,-1,-2.7680452,0.07819686,0.1
7,4,-1,-1,-2.256699,0.38425022,0.3
